발생년월일시,사망자수
2020-01-01 05,1
2020-01-01 05,1
2020-01-01 07,1
2020-01-01 10,1
2020-01-01 11,1
2020-01-01 19,1
2020-01-01 20,1
2020-01-01 21,1
2020-01-02 02,1
2020-01-02 06,1
2020-01-02 07,1
2020-01-02 07,1
2020-01-02 09,1
2020-01-02 14,1
2020-01-02 15,1
2020-01-02 16,1
2020-01-02 18,1
2020-01-02 18,2
2020-01-02 19,1
2020-01-02 22,1
2020-01-02 22,1
2020-01-03 02,1
2020-01-03 03,1
2020-01-03 05,1
2020-01-03 06,1
2020-01-03 08,1
2020-01-03 13,1
2020-01-03 14,1
2020-01-03 15,1
2020-01-03 19,1
2020-01-03 23,1
2020-01-04 00,1
2020-01-04 06,1
2020-01-04 07,1
2020-01-04 13,1
2020-01-04 16,1
2020-01-05 00,1
2020-01-05 02,1
2020-01-05 14,1
2020-01-05 18,1
2020-01-05 18,1
2020-01-05 19,1
2020-01-05 19,1
2020-01-05 20,1
2020-01-06 05,1
2020-01-06 07,1
2020-01-06 07,1
2020-01-06 07,1
2020-01-06 10,1
2020-01-06 13,1
2020-01-06 18,1
2020-01-06 23,1
2020-01-06 23,1
2020-01-07 01,1
2020-01-07 06,1
2020-01-07 17,1
2020-01-07 17,1
2020-01-07 17,1
2020-01-07 22,1
2020-01-08 03,1
2020-01-08 15,1
2020-01-09 07,1
2020-01-09 09,1
2020-01-09 13,1
2020-01-09 15,1
2020-01-09 23,1
2020-01-10 01,1
2020-01-10 02,1
2020-01-10 04,1
2020-01-10 06,1
2020-01-10 07,1
2020-01-10 08,1
2020-01-10 09,1
2020-01-10 10,1
2020-01-10 15,1
2020-01-10 16,1
2020-01-10 17,1
2020-01-10 18,1
2020-01-10 23,1
2020-01-10 23,1
2020-01-10 23,1
2020-01-11 06,1
2020-01-11 09,1
2020-01-11 16,1
2020-01-11 18,1
2020-01-11 19,1
2020-01-11 20,1
2020-01-11 20,1
2020-01-12 14,1
2020-01-12 16,1
2020-01-12 18,1
2020-01-13 04,1
2020-01-13 06,1
2020-01-13 06,1
2020-01-13 06,1
2020-01-13 14,1
2020-01-13 17,1
2020-01-13 17,1
2020-01-13 18,1
2020-01-13 19,1
2020-01-13 19,1
2020-01-13 20,1
2020-01-13 20,1
2020-01-13 20,1
2020-01-14 00,1
2020-01-14 06,1
2020-01-14 06,1
2020-01-14 07,1
2020-01-14 10,1
2020-01-14 10,1
2020-01-14 10,1
2020-01-14 11,1
2020-01-14 13,1
2020-01-14 14,1
2020-01-14 16,1
2020-01-14 17,1
2020-01-14 18,1
2020-01-14 19,1
2020-01-14 21,1
2020-01-15 02,1
2020-01-15 05,1
2020-01-15 06,1
2020-01-15 07,1
2020-01-15 07,1
2020-01-15 07,1
2020-01-15 07,1
2020-01-15 10,1
2020-01-15 13,1
2020-01-15 13,1
2020-01-15 15,1
2020-01-15 15,1
2020-01-15 16,1
2020-01-15 17,1
2020-01-15 18,1
2020-01-15 18,1
2020-01-15 18,1
2020-01-15 20,1
2020-01-15 20,1
2020-01-16 00,1
2020-01-16 13,1
2020-01-16 15,1
2020-01-16 15,1
2020-01-16 18,1
2020-01-17 05,1
2020-01-17 06,1
2020-01-17 11,1
2020-01-17 18,1
2020-01-17 21,1
2020-01-17 21,1
2020-01-17 21,1
2020-01-17 21,1
2020-01-17 22,1
2020-01-17 22,1
2020-01-18 05,1
2020-01-18 06,1
2020-01-18 06,1
2020-01-18 18,1
2020-01-18 23,1
2020-01-19 01,1
2020-01-19 06,1
2020-01-19 08,1
2020-01-19 14,1
2020-01-19 15,1
2020-01-19 15,1
2020-01-19 19,1
2020-01-19 20,1
2020-01-20 04,1
2020-01-20 07,1
2020-01-20 10,1
2020-01-20 12,1
2020-01-20 15,1
2020-01-21 06,1
2020-01-21 06,1
2020-01-21 12,1
2020-01-21 12,1
2020-01-21 13,1
2020-01-21 16,1
2020-01-21 18,1
2020-01-21 18,1
2020-01-21 18,1
2020-01-21 19,1
2020-01-21 21,1
2020-01-21 22,1
2020-01-22 01,1
2020-01-22 06,1
2020-01-22 07,1
2020-01-22 11,1
2020-01-22 12,1
2020-01-22 18,1
2020-01-22 18,1
2020-01-22 18,1
2020-01-22 18,1
2020-01-22 20,1
2020-01-22 22,1
2020-01-22 23,1
2020-01-22 23,1
2020-01-23 01,2
2020-01-23 03,1
2020-01-23 05,1
2020-01-23 08,1
2020-01-23 08,1
2020-01-23 09,1
2020-01-23 09,1
2020-01-23 12,1
2020-01-23 13,1
2020-01-23 13,1
2020-01-23 14,1
2020-01-23 17,1
2020-01-23 18,1
2020-01-23 18,1
2020-01-23 22,1
2020-01-23 23,1
2020-01-24 05,1
2020-01-24 05,1
2020-01-24 06,1
2020-01-24 14,1
2020-01-24 17,1
2020-01-24 17,1
2020-01-24 18,1
2020-01-25 00,1
2020-01-25 15,1
2020-01-25 22,1
2020-01-26 00,1
2020-01-26 06,1
2020-01-26 10,1
2020-01-26 18,1
2020-01-26 23,1
2020-01-27 01,1
2020-01-27 05,1
2020-01-27 05,1
2020-01-27 06,1
2020-01-27 18,1
2020-01-27 18,1
2020-01-27 18,1
2020-01-27 20,1
2020-01-28 02,1
2020-01-28 04,1
2020-01-28 09,1
2020-01-28 10,1
2020-01-28 10,1
2020-01-28 16,1
2020-01-28 18,1
2020-01-29 07,1
2020-01-29 10,2
2020-01-29 11,1
2020-01-29 11,1
2020-01-29 12,1
2020-01-29 13,1
2020-01-29 14,1
2020-01-29 15,1
2020-01-29 15,1
2020-01-29 18,1
2020-01-29 19,1
2020-01-29 22,1
2020-01-30 01,1
2020-01-30 02,1
2020-01-30 06,1
2020-01-30 06,1
2020-01-30 07,1
2020-01-30 07,1
2020-01-30 11,1
2020-01-30 11,1
2020-01-30 13,1
2020-01-30 18,1
2020-01-30 18,1
2020-01-30 21,1
2020-01-31 05,1
2020-01-31 06,1
2020-01-31 12,1
2020-01-31 12,1
2020-01-31 15,1
2020-01-31 17,1
2020-01-31 21,1
2020-01-31 22,1
2020-02-01 00,1
2020-02-01 01,1
2020-02-01 05,1
2020-02-01 10,1
2020-02-02 05,1
2020-02-02 05,1
2020-02-02 05,1
2020-02-02 08,1
2020-02-02 16,3
2020-02-02 17,1
2020-02-02 19,1
2020-02-02 22,1
2020-02-02 23,1
2020-02-03 05,1
2020-02-03 06,1
2020-02-03 08,1
2020-02-03 10,1
2020-02-03 10,1
2020-02-03 12,1
2020-02-03 13,1
2020-02-03 13,1
2020-02-03 15,1
2020-02-04 01,1
2020-02-04 02,1
2020-02-04 05,1
2020-02-04 07,1
2020-02-04 13,1
2020-02-04 13,1
2020-02-04 14,1
2020-02-04 15,2
2020-02-04 17,1
2020-02-04 21,1
2020-02-05 07,1
2020-02-05 08,1
2020-02-05 19,1
2020-02-05 19,1
2020-02-05 20,1
2020-02-05 20,1
2020-02-06 01,1
2020-02-06 03,1
2020-02-06 15,1
2020-02-06 18,1
2020-02-06 21,1
2020-02-06 23,1
2020-02-07 06,1
2020-02-07 06,1
2020-02-07 08,1
2020-02-07 12,1
2020-02-07 13,1
2020-02-07 14,1
2020-02-07 14,1
2020-02-07 18,1
2020-02-07 19,1
2020-02-08 03,1
2020-02-08 06,1
2020-02-08 07,1
2020-02-08 14,1
2020-02-08 18,1
2020-02-08 18,1
2020-02-08 19,1
2020-02-08 19,1
2020-02-09 06,1
2020-02-09 11,1
2020-02-09 12,1
2020-02-09 16,1
2020-02-09 16,1
2020-02-09 17,1
2020-02-09 21,1
2020-02-10 03,1
2020-02-10 04,1
2020-02-10 07,1
2020-02-10 09,1
2020-02-10 16,1
2020-02-10 16,1
2020-02-10 17,1
2020-02-10 18,1
2020-02-10 18,1
2020-02-10 19,1
2020-02-10 21,1
2020-02-11 06,1
2020-02-11 06,1
2020-02-11 12,1
2020-02-11 13,1
2020-02-11 14,1
2020-02-11 19,1
2020-02-11 20,1
2020-02-11 20,1
2020-02-11 23,1
2020-02-12 01,1
2020-02-12 03,1
2020-02-12 03,1
2020-02-12 05,1
2020-02-12 11,1
2020-02-12 12,1
2020-02-12 17,1
2020-02-12 19,1
2020-02-12 20,1
2020-02-12 22,1
2020-02-13 10,1
2020-02-13 18,1
2020-02-13 19,1
2020-02-13 20,1
2020-02-14 06,1
2020-02-14 09,1
2020-02-14 13,1
2020-02-14 15,1
2020-02-14 23,1
2020-02-15 00,1
2020-02-15 00,1
2020-02-15 02,1
2020-02-15 05,1
2020-02-15 09,1
2020-02-15 09,1
2020-02-15 18,1
2020-02-15 23,1
2020-02-16 00,1
2020-02-16 02,1
2020-02-16 05,1
2020-02-16 14,1
2020-02-16 14,1
2020-02-16 22,1
2020-02-17 04,1
2020-02-17 05,1
2020-02-17 06,1
2020-02-17 10,1
2020-02-17 12,5
2020-02-17 18,1
2020-02-17 23,1
2020-02-18 04,1
2020-02-18 10,1
2020-02-18 18,1
2020-02-18 18,1
2020-02-18 23,1
2020-02-19 02,1
2020-02-19 05,1
2020-02-19 09,1
2020-02-19 11,1
2020-02-19 11,1
2020-02-19 13,1
2020-02-19 13,1
2020-02-19 15,1
2020-02-19 17,1
2020-02-19 18,1
2020-02-19 19,1
2020-02-19 20,1
2020-02-20 04,1
2020-02-20 06,1
2020-02-20 08,1
2020-02-20 18,1
2020-02-20 18,1
2020-02-20 19,1
2020-02-20 19,1
2020-02-20 20,1
2020-02-20 23,1
2020-02-21 01,1
2020-02-21 02,1
2020-02-21 05,1
2020-02-21 06,1
2020-02-21 09,1
2020-02-21 12,1
2020-02-21 18,1
2020-02-21 18,1
2020-02-21 19,1
2020-02-21 20,1
2020-02-21 22,1
2020-02-21 22,1
2020-02-22 01,1
2020-02-22 08,1
2020-02-22 10,1
2020-02-22 15,1
2020-02-22 16,1
2020-02-22 21,1
2020-02-22 21,1
2020-02-23 05,1
2020-02-24 06,1
2020-02-24 07,1
2020-02-24 10,1
2020-02-25 00,1
2020-02-25 02,1
2020-02-25 09,1
2020-02-25 13,1
2020-02-25 14,1
2020-02-25 14,1
2020-02-25 15,1
2020-02-25 20,1
2020-02-25 21,1
2020-02-26 00,1
2020-02-26 05,1
2020-02-26 11,1
2020-02-26 14,1
2020-02-26 19,1
2020-02-26 22,1
2020-02-26 22,1
2020-02-27 02,1
2020-02-27 04,1
2020-02-27 05,1
2020-02-27 06,1
2020-02-27 06,1
2020-02-27 10,1
2020-02-27 18,1
2020-02-27 23,1
2020-02-28 02,1
2020-02-28 13,1
2020-02-28 18,1
2020-02-28 19,1
2020-02-28 21,1
2020-02-28 23,1
2020-02-29 08,1
2020-02-29 14,1
2020-02-29 14,1
2020-02-29 16,1
2020-02-29 17,3
2020-02-29 18,1
2020-03-01 10,1
2020-03-01 16,1
2020-03-01 16,1
2020-03-01 19,1
2020-03-01 21,1
2020-03-02 02,1
2020-03-02 06,1
2020-03-02 15,1
2020-03-02 17,1
2020-03-02 17,1
2020-03-02 18,1
2020-03-02 23,1
2020-03-03 02,1
2020-03-03 03,1
2020-03-03 05,1
2020-03-03 06,1
2020-03-04 00,1
2020-03-04 05,2
2020-03-04 15,1
2020-03-04 16,1
2020-03-04 17,1
2020-03-04 19,1
2020-03-05 00,2
2020-03-05 15,1
2020-03-05 15,1
2020-03-05 17,1
2020-03-06 03,1
2020-03-06 06,1
2020-03-06 12,1
2020-03-06 13,1
2020-03-06 17,1
2020-03-06 17,1
2020-03-06 18,1
2020-03-06 20,1
2020-03-06 21,1
2020-03-06 22,1
2020-03-06 22,1
2020-03-07 00,1
2020-03-07 10,1
2020-03-07 10,1
2020-03-08 01,1
2020-03-08 10,1
2020-03-08 12,1
2020-03-08 13,1
2020-03-08 16,1
2020-03-08 16,1
2020-03-08 17,1
2020-03-08 20,1
2020-03-08 23,1
2020-03-09 00,1
2020-03-09 10,1
2020-03-09 13,1
2020-03-09 15,1
2020-03-09 16,1
2020-03-09 19,1
2020-03-09 22,1
2020-03-09 22,1
2020-03-10 04,1
2020-03-10 04,1
2020-03-10 06,1
2020-03-10 15,1
2020-03-10 19,1
2020-03-10 19,1
2020-03-10 19,1
2020-03-10 22,1
2020-03-10 23,1
2020-03-11 07,1
2020-03-11 08,1
2020-03-11 12,1
2020-03-11 13,1
2020-03-11 15,1
2020-03-11 16,2
2020-03-11 17,1
2020-03-11 21,1
2020-03-11 21,1
2020-03-12 00,5
2020-03-12 09,1
2020-03-12 13,1
2020-03-12 13,1
2020-03-12 17,3
2020-03-12 19,1
2020-03-12 20,1
2020-03-12 20,1
2020-03-13 00,1
2020-03-13 05,1
2020-03-13 06,1
2020-03-13 07,1
2020-03-13 13,1
2020-03-13 18,1
2020-03-13 21,1
2020-03-14 01,1
2020-03-14 04,1
2020-03-14 05,1
2020-03-14 06,1
2020-03-14 08,1
2020-03-14 12,1
2020-03-14 15,1
2020-03-14 16,1
2020-03-14 17,2
2020-03-14 17,1
2020-03-14 19,1
2020-03-15 04,1
2020-03-15 08,2
2020-03-15 19,1
2020-03-15 22,1
2020-03-16 00,1
2020-03-16 05,1
2020-03-16 10,1
2020-03-16 16,1
2020-03-16 16,1
2020-03-16 19,1
2020-03-16 19,1
2020-03-16 20,1
2020-03-16 21,1
2020-03-17 02,1
2020-03-17 03,1
2020-03-17 13,1
2020-03-17 14,1
2020-03-17 14,1
2020-03-17 14,1
2020-03-17 16,1
2020-03-17 19,1
2020-03-17 19,1
2020-03-17 23,1
2020-03-18 01,1
2020-03-18 09,1
2020-03-18 14,1
2020-03-18 17,1
2020-03-18 19,1
2020-03-19 06,1
2020-03-19 11,1
2020-03-19 19,1
2020-03-19 21,1
2020-03-19 21,1
2020-03-19 23,1
2020-03-20 05,1
2020-03-20 06,1
2020-03-20 06,1
2020-03-20 23,1
2020-03-21 01,1
2020-03-21 03,1
2020-03-21 06,1
2020-03-21 11,3
2020-03-21 13,1
2020-03-21 14,1
2020-03-21 23,1
2020-03-22 04,1
2020-03-22 04,1
2020-03-22 05,1
2020-03-22 13,1
2020-03-22 14,1
2020-03-22 21,1
2020-03-22 22,1
2020-03-23 07,2
2020-03-23 08,1
2020-03-23 11,1
2020-03-23 12,1
2020-03-23 14,1
2020-03-23 14,1
2020-03-23 14,1
2020-03-23 16,1
2020-03-23 21,2
2020-03-24 00,1
2020-03-24 10,1
2020-03-24 15,1
2020-03-24 23,1
2020-03-25 04,1
2020-03-25 06,1
2020-03-25 12,1
2020-03-25 14,1
2020-03-25 15,1
2020-03-25 20,1
2020-03-25 20,1
2020-03-25 22,1
2020-03-26 02,1
2020-03-26 09,1
2020-03-26 09,1
2020-03-26 12,1
2020-03-26 19,1
2020-03-26 20,1
2020-03-26 21,1
2020-03-27 06,1
2020-03-27 09,1
2020-03-27 10,1
2020-03-27 11,1
2020-03-27 13,1
2020-03-27 20,1
2020-03-27 22,1
2020-03-27 23,1
2020-03-28 08,1
2020-03-28 12,1
2020-03-28 13,1
2020-03-28 15,1
2020-03-28 17,1
2020-03-28 18,1
2020-03-28 20,1
2020-03-28 23,1
2020-03-29 00,1
2020-03-29 03,1
2020-03-29 10,1
2020-03-29 10,1
2020-03-29 12,1
2020-03-29 13,1
2020-03-29 16,1
2020-03-29 16,1
2020-03-29 20,1
2020-03-29 20,1
2020-03-29 21,1
2020-03-30 02,1
2020-03-30 09,2
2020-03-30 10,1
2020-03-30 12,1
2020-03-30 13,1
2020-03-30 19,1
2020-03-30 19,1
2020-03-30 22,1
2020-03-31 01,1
2020-03-31 04,1
2020-03-31 04,1
2020-03-31 09,1
2020-03-31 12,1
2020-03-31 20,1
2020-03-31 23,1
2020-04-01 04,1
2020-04-01 06,1
2020-04-01 06,1
2020-04-01 09,1
2020-04-01 10,1
2020-04-01 13,1
2020-04-01 16,1
2020-04-01 23,1
2020-04-02 05,1
2020-04-02 07,1
2020-04-02 14,1
2020-04-02 14,1
2020-04-02 16,1
2020-04-02 19,1
2020-04-02 21,1
2020-04-03 09,1
2020-04-03 10,1
2020-04-03 11,1
2020-04-03 19,1
2020-04-04 03,1
2020-04-04 04,1
2020-04-04 12,1
2020-04-04 14,1
2020-04-04 15,1
2020-04-04 16,1
2020-04-04 20,1
2020-04-05 00,1
2020-04-05 02,1
2020-04-05 05,1
2020-04-05 11,1
2020-04-05 11,1
2020-04-05 13,1
2020-04-05 15,1
2020-04-05 15,1
2020-04-05 19,1
2020-04-05 20,1
2020-04-06 05,1
2020-04-06 07,1
2020-04-06 09,1
2020-04-06 16,1
2020-04-07 01,1
2020-04-07 02,1
2020-04-07 04,1
2020-04-07 05,1
2020-04-07 07,1
2020-04-07 11,1
2020-04-07 16,1
2020-04-07 22,1
2020-04-08 00,1
2020-04-08 01,1
2020-04-08 06,1
2020-04-08 11,1
2020-04-08 12,1
2020-04-08 14,1
2020-04-08 19,1
2020-04-08 19,1
2020-04-08 20,1
2020-04-09 12,1
2020-04-09 13,1
2020-04-09 14,1
2020-04-09 14,1
2020-04-09 15,1
2020-04-09 19,1
2020-04-09 23,1
2020-04-10 05,1
2020-04-10 11,1
2020-04-10 11,1
2020-04-10 18,1
2020-04-10 20,1
2020-04-10 20,1
2020-04-10 21,1
2020-04-10 23,1
2020-04-11 16,1
2020-04-11 17,1
2020-04-11 23,1
2020-04-12 00,1
2020-04-12 00,1
2020-04-12 05,1
2020-04-12 05,1
2020-04-12 05,1
2020-04-12 07,2
2020-04-12 11,1
2020-04-12 17,1
2020-04-12 21,1
2020-04-12 22,1
2020-04-13 09,1
2020-04-13 11,1
2020-04-13 12,1
2020-04-13 20,1
2020-04-14 00,1
2020-04-14 01,1
2020-04-14 09,1
2020-04-14 11,1
2020-04-14 17,1
2020-04-14 17,1
2020-04-15 10,1
2020-04-15 10,1
2020-04-15 15,1
2020-04-15 16,1
2020-04-15 18,1
2020-04-15 21,1
2020-04-16 00,1
2020-04-16 12,1
2020-04-16 19,1
2020-04-16 19,1
2020-04-16 20,1
2020-04-17 05,1
2020-04-17 08,1
2020-04-17 11,1
2020-04-17 13,1
2020-04-17 16,1
2020-04-17 17,1
2020-04-17 19,1
2020-04-17 20,1
2020-04-17 23,1
2020-04-18 17,1
2020-04-18 17,1
2020-04-18 19,1
2020-04-18 22,1
2020-04-18 23,1
2020-04-18 23,1
2020-04-19 16,1
2020-04-19 19,1
2020-04-19 20,1
2020-04-19 23,1
2020-04-20 08,1
2020-04-20 08,1
2020-04-20 16,1
2020-04-20 17,1
2020-04-20 23,1
2020-04-21 02,1
2020-04-21 08,1
2020-04-21 13,1
2020-04-21 15,1
2020-04-21 17,1
2020-04-22 00,1
2020-04-22 00,1
2020-04-22 02,1
2020-04-22 11,1
2020-04-22 12,1
2020-04-22 12,1
2020-04-22 12,2
2020-04-22 13,1
2020-04-22 22,1
2020-04-22 22,1
2020-04-23 03,1
2020-04-23 05,1
2020-04-23 06,1
2020-04-23 07,1
2020-04-23 09,1
2020-04-23 21,1
2020-04-24 00,1
2020-04-24 08,1
2020-04-24 09,1
2020-04-24 12,1
2020-04-24 13,1
2020-04-24 13,1
2020-04-24 14,1
2020-04-24 15,1
2020-04-24 20,1
2020-04-25 00,1
2020-04-25 04,1
2020-04-25 08,1
2020-04-25 08,1
2020-04-25 12,1
2020-04-25 15,1
2020-04-25 15,1
2020-04-25 23,1
2020-04-26 02,1
2020-04-26 06,1
2020-04-26 15,1
2020-04-26 20,1
2020-04-26 22,1
2020-04-26 23,1
2020-04-27 04,1
2020-04-27 06,1
2020-04-27 11,1
2020-04-27 11,1
2020-04-27 11,1
2020-04-27 12,1
2020-04-27 12,1
2020-04-27 13,1
2020-04-27 16,1
2020-04-27 17,1
2020-04-27 19,1
2020-04-28 07,1
2020-04-28 09,1
2020-04-28 12,1
2020-04-28 12,1
2020-04-28 19,1
2020-04-29 05,1
2020-04-29 09,1
2020-04-29 10,1
2020-04-29 13,1
2020-04-29 14,1
2020-04-29 15,1
2020-04-29 17,1
2020-04-29 19,1
2020-04-29 19,1
2020-04-29 19,1
2020-04-29 20,1
2020-04-29 23,1
2020-04-30 00,2
2020-04-30 01,1
2020-04-30 04,1
2020-04-30 04,1
2020-04-30 11,1
2020-04-30 17,1
2020-04-30 18,1
2020-04-30 20,1
2020-05-01 00,1
2020-05-01 04,1
2020-05-01 17,1
2020-05-02 02,2
2020-05-02 04,1
2020-05-02 08,1
2020-05-02 12,1
2020-05-02 14,1
2020-05-02 14,1
2020-05-02 17,1
2020-05-02 18,1
2020-05-02 22,1
2020-05-03 03,1
2020-05-03 03,1
2020-05-03 03,1
2020-05-03 03,1
2020-05-04 04,2
2020-05-04 04,1
2020-05-04 10,1
2020-05-04 12,1
2020-05-04 13,1
2020-05-04 13,1
2020-05-04 15,1
2020-05-04 15,1
2020-05-04 16,1
2020-05-04 17,1
2020-05-05 19,1
2020-05-05 21,1
2020-05-06 05,1
2020-05-06 09,1
2020-05-06 12,1
2020-05-06 13,1
2020-05-06 13,1
2020-05-06 13,1
2020-05-06 15,1
2020-05-06 19,1
2020-05-06 19,1
2020-05-06 19,1
2020-05-06 20,1
2020-05-06 20,1
2020-05-07 09,1
2020-05-07 12,1
2020-05-07 16,1
2020-05-07 20,1
2020-05-07 20,1
2020-05-07 23,1
2020-05-08 08,1
2020-05-08 11,1
2020-05-08 13,1
2020-05-08 13,1
2020-05-08 14,1
2020-05-08 19,1
2020-05-08 22,1
2020-05-08 23,1
2020-05-09 03,1
2020-05-09 05,2
2020-05-09 08,1
2020-05-09 19,1
2020-05-09 20,1
2020-05-09 21,1
2020-05-09 21,1
2020-05-09 23,1
2020-05-10 01,1
2020-05-10 02,1
2020-05-10 03,1
2020-05-10 13,1
2020-05-10 22,1
2020-05-10 22,1
2020-05-11 01,1
2020-05-11 06,1
2020-05-11 11,1
2020-05-11 12,1
2020-05-11 15,1
2020-05-11 16,1
2020-05-11 21,1
2020-05-11 23,1
2020-05-12 00,1
2020-05-12 04,1
2020-05-12 04,1
2020-05-12 06,1
2020-05-12 08,1
2020-05-12 11,1
2020-05-12 12,2
2020-05-12 12,1
2020-05-12 14,1
2020-05-12 14,1
2020-05-12 17,1
2020-05-12 19,1
2020-05-12 23,1
2020-05-12 23,1
2020-05-13 01,1
2020-05-13 01,1
2020-05-13 10,1
2020-05-13 11,1
2020-05-13 13,1
2020-05-13 15,2
2020-05-13 18,1
2020-05-13 23,1
2020-05-14 01,1
2020-05-14 02,1
2020-05-14 14,1
2020-05-14 21,1
2020-05-14 21,1
2020-05-14 22,1
2020-05-14 22,1
2020-05-15 02,2
2020-05-15 03,1
2020-05-15 03,1
2020-05-15 07,1
2020-05-15 07,1
2020-05-15 11,1
2020-05-15 13,1
2020-05-15 14,1
2020-05-15 15,1
2020-05-15 19,2
2020-05-15 20,1
2020-05-16 08,1
2020-05-16 09,1
2020-05-16 09,1
2020-05-16 10,1
2020-05-16 14,1
2020-05-17 02,1
2020-05-17 06,1
2020-05-17 19,1
2020-05-17 19,1
2020-05-17 20,1
2020-05-17 21,1
2020-05-18 00,1
2020-05-18 01,1
2020-05-18 08,1
2020-05-18 10,1
2020-05-18 10,1
2020-05-18 13,2
2020-05-18 13,1
2020-05-18 14,1
2020-05-18 19,1
2020-05-19 00,1
2020-05-19 08,1
2020-05-19 08,1
2020-05-19 15,1
2020-05-19 17,1
2020-05-19 21,1
2020-05-19 23,1
2020-05-19 23,1
2020-05-20 01,1
2020-05-20 02,1
2020-05-20 04,1
2020-05-20 04,1
2020-05-20 06,1
2020-05-20 09,1
2020-05-20 09,1
2020-05-20 10,1
2020-05-20 11,1
2020-05-20 15,1
2020-05-20 15,1
2020-05-20 17,1
2020-05-20 17,1
2020-05-21 00,1
2020-05-21 06,1
2020-05-21 06,2
2020-05-21 12,1
2020-05-21 14,1
2020-05-21 14,1
2020-05-22 01,1
2020-05-22 08,1
2020-05-22 09,1
2020-05-22 11,1
2020-05-22 11,1
2020-05-22 18,1
2020-05-22 19,1
2020-05-22 20,1
2020-05-23 04,1
2020-05-23 08,1
2020-05-23 09,1
2020-05-23 10,1
2020-05-23 12,1
2020-05-23 12,1
2020-05-23 21,1
2020-05-23 22,1
2020-05-23 23,1
2020-05-24 06,1
2020-05-24 06,1
2020-05-24 07,1
2020-05-24 08,1
2020-05-24 17,1
2020-05-24 17,1
2020-05-24 20,1
2020-05-24 20,1
2020-05-25 09,1
2020-05-25 11,1
2020-05-25 12,1
2020-05-25 14,1
2020-05-26 00,1
2020-05-26 08,1
2020-05-26 09,1
2020-05-26 10,1
2020-05-26 14,1
2020-05-26 16,1
2020-05-27 10,1
2020-05-27 13,1
2020-05-27 15,1
2020-05-27 16,1
2020-05-27 22,1
2020-05-27 23,1
2020-05-28 01,1
2020-05-28 09,1
2020-05-28 12,1
2020-05-28 12,1
2020-05-28 14,1
2020-05-28 17,1
2020-05-28 19,1
2020-05-28 20,1
2020-05-28 22,1
2020-05-28 22,1
2020-05-29 04,1
2020-05-29 09,1
2020-05-29 12,1
2020-05-29 14,1
2020-05-29 15,1
2020-05-29 15,1
2020-05-29 19,1
2020-05-29 20,1
2020-05-29 20,1
2020-05-29 21,1
2020-05-29 21,1
2020-05-30 07,1
2020-05-30 11,1
2020-05-30 14,1
2020-05-30 14,1
2020-05-30 15,1
2020-05-30 21,1
2020-05-30 22,1
2020-05-30 22,1
2020-05-31 01,1
2020-05-31 03,1
2020-05-31 06,1
2020-05-31 09,1
2020-05-31 11,1
2020-05-31 14,1
2020-05-31 16,1
2020-05-31 18,3
2020-05-31 19,1
2020-05-31 22,1
2020-06-01 03,1
2020-06-01 11,1
2020-06-01 12,1
2020-06-01 14,1
2020-06-01 15,1
2020-06-01 17,1
2020-06-01 22,1
2020-06-01 23,1
2020-06-02 12,1
2020-06-02 14,1
2020-06-02 14,1
2020-06-02 14,1
2020-06-02 14,1
2020-06-02 15,1
2020-06-02 15,1
2020-06-02 20,1
2020-06-02 22,1
2020-06-02 22,1
2020-06-02 22,1
2020-06-03 00,1
2020-06-03 01,1
2020-06-03 03,1
2020-06-03 08,1
2020-06-03 09,1
2020-06-03 11,1
2020-06-03 14,1
2020-06-03 23,1
2020-06-04 03,1
2020-06-04 12,1
2020-06-04 16,1
2020-06-04 18,1
2020-06-04 20,1
2020-06-04 20,1
2020-06-04 23,1
2020-06-04 23,1
2020-06-05 00,1
2020-06-05 03,1
2020-06-05 04,1
2020-06-05 04,1
2020-06-05 08,1
2020-06-05 09,1
2020-06-05 13,1
2020-06-05 18,1
2020-06-05 23,1
2020-06-05 23,1
2020-06-06 03,1
2020-06-06 04,1
2020-06-06 08,1
2020-06-06 14,1
2020-06-06 15,1
2020-06-06 16,1
2020-06-06 18,1
2020-06-06 21,1
2020-06-06 23,1
2020-06-06 23,1
2020-06-07 02,1
2020-06-07 09,1
2020-06-07 09,1
2020-06-07 10,1
2020-06-07 12,1
2020-06-08 02,1
2020-06-08 06,1
2020-06-08 11,1
2020-06-08 14,1
2020-06-08 17,1
2020-06-08 21,1
2020-06-09 00,1
2020-06-09 08,1
2020-06-09 20,1
2020-06-09 21,1
2020-06-09 22,1
2020-06-09 22,1
2020-06-09 23,1
2020-06-10 02,1
2020-06-10 05,1
2020-06-10 08,1
2020-06-10 08,1
2020-06-10 09,1
2020-06-10 13,1
2020-06-10 13,1
2020-06-10 16,1
2020-06-10 17,1
2020-06-10 20,1
2020-06-10 22,1
2020-06-10 23,1
2020-06-10 23,1
2020-06-11 01,1
2020-06-11 01,1
2020-06-11 04,1
2020-06-11 07,1
2020-06-11 11,1
2020-06-11 16,1
2020-06-11 19,1
2020-06-11 22,1
2020-06-11 22,1
2020-06-12 00,1
2020-06-12 02,1
2020-06-12 08,1
2020-06-12 09,1
2020-06-12 10,1
2020-06-12 11,1
2020-06-12 13,1
2020-06-12 16,1
2020-06-12 17,1
2020-06-12 17,2
2020-06-12 19,1
2020-06-12 20,1
2020-06-12 22,2
2020-06-12 22,1
2020-06-13 00,1
2020-06-13 03,1
2020-06-13 06,1
2020-06-13 07,1
2020-06-13 10,1
2020-06-13 12,1
2020-06-13 12,1
2020-06-13 14,1
2020-06-13 20,1
2020-06-13 20,1
2020-06-13 21,1
2020-06-14 01,1
2020-06-14 04,1
2020-06-14 05,1
2020-06-14 08,1
2020-06-14 08,1
2020-06-14 14,1
2020-06-14 19,1
2020-06-15 02,1
2020-06-15 04,1
2020-06-15 08,1
2020-06-15 10,1
2020-06-15 15,1
2020-06-15 16,1
2020-06-16 00,1
2020-06-16 01,1
2020-06-16 04,1
2020-06-16 09,1
2020-06-16 15,1
2020-06-16 23,1
2020-06-17 01,1
2020-06-17 12,1
2020-06-17 13,1
2020-06-17 16,1
2020-06-17 22,1
2020-06-17 22,1
2020-06-18 02,1
2020-06-18 06,1
2020-06-18 16,1
2020-06-19 02,1
2020-06-19 05,1
2020-06-19 06,1
2020-06-19 10,1
2020-06-19 12,1
2020-06-19 15,1
2020-06-19 17,1
2020-06-19 21,1
2020-06-19 23,1
2020-06-20 00,1
2020-06-20 03,1
2020-06-20 11,1
2020-06-20 12,1
2020-06-20 13,1
2020-06-20 15,1
2020-06-20 23,1
2020-06-20 23,1
2020-06-21 00,1
2020-06-21 06,1
2020-06-21 13,1
2020-06-21 20,1
2020-06-21 21,1
2020-06-21 21,1
2020-06-21 21,1
2020-06-21 23,1
2020-06-22 00,1
2020-06-22 01,1
2020-06-22 01,1
2020-06-22 02,1
2020-06-22 08,1
2020-06-22 08,1
2020-06-22 10,1
2020-06-22 13,2
2020-06-22 16,1
2020-06-22 16,1
2020-06-22 18,1
2020-06-22 20,1
2020-06-22 23,1
2020-06-23 08,1
2020-06-23 13,1
2020-06-23 17,1
2020-06-23 17,1
2020-06-23 17,1
2020-06-23 20,1
2020-06-23 23,1
2020-06-23 23,1
2020-06-24 00,1
2020-06-24 01,1
2020-06-24 06,1
2020-06-24 08,1
2020-06-24 10,1
2020-06-24 11,1
2020-06-24 11,1
2020-06-24 14,1
2020-06-24 14,1
2020-06-24 20,1
2020-06-24 21,1
2020-06-24 22,1
2020-06-25 00,1
2020-06-25 19,1
2020-06-25 21,1
2020-06-25 22,1
2020-06-26 00,1
2020-06-26 00,1
2020-06-26 01,4
2020-06-26 04,1
2020-06-26 04,1
2020-06-26 04,1
2020-06-26 11,2
2020-06-26 18,1
2020-06-26 18,1
2020-06-26 22,1
2020-06-27 02,1
2020-06-27 03,1
2020-06-27 03,1
2020-06-27 09,1
2020-06-27 15,1
2020-06-27 19,1
2020-06-27 21,1
2020-06-28 01,1
2020-06-28 03,1
2020-06-28 04,1
2020-06-28 18,1
2020-06-28 19,1
2020-06-29 03,1
2020-06-29 11,1
2020-06-29 19,1
2020-06-30 03,1
2020-06-30 03,1
2020-06-30 05,1
2020-06-30 10,1
2020-06-30 11,1
2020-06-30 15,1
2020-06-30 18,1
2020-06-30 19,1
2020-06-30 19,1
2020-06-30 20,1
2020-06-30 23,1
2020-06-30 23,1
2020-07-01 00,1
2020-07-01 01,1
2020-07-01 02,1
2020-07-01 04,1
2020-07-01 05,1
2020-07-01 07,1
2020-07-01 09,1
2020-07-01 10,1
2020-07-01 17,1
2020-07-01 18,1
2020-07-01 18,1
2020-07-01 20,1
2020-07-01 23,1
2020-07-02 00,1
2020-07-02 00,1
2020-07-02 04,1
2020-07-02 10,1
2020-07-02 14,1
2020-07-02 16,1
2020-07-02 17,1
2020-07-02 17,1
2020-07-03 00,1
2020-07-03 02,1
2020-07-03 10,1
2020-07-03 15,1
2020-07-03 16,1
2020-07-03 21,1
2020-07-03 22,1
2020-07-04 06,1
2020-07-04 06,1
2020-07-04 09,1
2020-07-04 10,1
2020-07-04 17,1
2020-07-05 06,1
2020-07-05 07,1
2020-07-05 09,1
2020-07-05 14,1
2020-07-05 15,1
2020-07-05 16,1
2020-07-05 22,1
2020-07-06 00,1
2020-07-06 04,1
2020-07-06 07,1
2020-07-06 09,1
2020-07-06 10,1
2020-07-06 13,1
2020-07-06 15,1
2020-07-06 17,1
2020-07-06 20,1
2020-07-06 21,1
2020-07-06 23,1
2020-07-07 00,1
2020-07-07 02,1
2020-07-07 07,1
2020-07-07 08,1
2020-07-07 08,1
2020-07-07 10,1
2020-07-07 18,1
2020-07-07 20,1
2020-07-08 00,1
2020-07-08 00,1
2020-07-08 03,1
2020-07-08 11,1
2020-07-08 17,1
2020-07-08 18,1
2020-07-08 21,1
2020-07-08 22,1
2020-07-09 03,3
2020-07-09 05,1
2020-07-09 08,2
2020-07-09 10,1
2020-07-09 10,1
2020-07-09 11,1
2020-07-09 19,1
2020-07-09 19,1
2020-07-09 23,1
2020-07-10 02,1
2020-07-10 05,1
2020-07-10 05,1
2020-07-10 21,1
2020-07-10 21,1
2020-07-10 21,1
2020-07-11 02,1
2020-07-11 03,1
2020-07-11 08,1
2020-07-11 09,1
2020-07-11 12,1
2020-07-11 13,1
2020-07-11 13,1
2020-07-11 14,1
2020-07-11 22,1
2020-07-12 03,1
2020-07-12 04,1
2020-07-12 08,1
2020-07-12 11,1
2020-07-12 12,1
2020-07-12 20,1
2020-07-13 03,1
2020-07-13 07,1
2020-07-13 11,1
2020-07-13 13,1
2020-07-14 00,1
2020-07-14 00,1
2020-07-14 03,1
2020-07-14 03,1
2020-07-14 04,1
2020-07-14 04,1
2020-07-14 05,1
2020-07-14 11,1
2020-07-14 11,1
2020-07-14 14,1
2020-07-14 15,1
2020-07-14 18,1
2020-07-15 06,1
2020-07-15 09,1
2020-07-15 13,1
2020-07-15 18,1
2020-07-15 18,1
2020-07-15 20,2
2020-07-15 20,1
2020-07-16 03,1
2020-07-16 10,1
2020-07-16 10,1
2020-07-16 13,1
2020-07-16 17,1
2020-07-16 18,1
2020-07-16 18,2
2020-07-16 19,1
2020-07-17 00,1
2020-07-17 00,1
2020-07-17 10,1
2020-07-17 15,1
2020-07-17 15,1
2020-07-17 18,1
2020-07-17 18,1
2020-07-17 20,1
2020-07-17 21,1
2020-07-17 23,1
2020-07-18 00,1
2020-07-18 04,1
2020-07-18 15,1
2020-07-18 17,1
2020-07-19 00,1
2020-07-19 02,1
2020-07-19 12,1
2020-07-19 13,2
2020-07-19 19,1
2020-07-19 21,1
2020-07-20 06,1
2020-07-20 09,1
2020-07-20 09,1
2020-07-20 11,1
2020-07-20 12,1
2020-07-20 15,1
2020-07-20 15,1
2020-07-20 19,1
2020-07-21 00,3
2020-07-21 07,1
2020-07-21 10,1
2020-07-21 14,1
2020-07-21 14,1
2020-07-21 16,1
2020-07-21 20,1
2020-07-22 12,1
2020-07-22 12,1
2020-07-22 13,1
2020-07-22 18,1
2020-07-22 19,1
2020-07-22 20,1
2020-07-22 20,1
2020-07-22 22,1
2020-07-22 22,2
2020-07-22 23,1
2020-07-23 05,1
2020-07-23 09,1
2020-07-23 12,2
2020-07-23 17,1
2020-07-23 18,1
2020-07-23 22,1
2020-07-23 23,1
2020-07-24 03,1
2020-07-24 04,1
2020-07-24 08,1
2020-07-24 10,1
2020-07-24 10,1
2020-07-24 14,1
2020-07-24 15,1
2020-07-24 21,1
2020-07-25 02,1
2020-07-25 07,1
2020-07-25 09,1
2020-07-25 10,1
2020-07-25 21,1
2020-07-25 22,1
2020-07-26 00,1
2020-07-26 04,1
2020-07-26 09,1
2020-07-26 16,1
2020-07-26 20,1
2020-07-26 23,1
2020-07-27 07,1
2020-07-27 17,1
2020-07-27 17,1
2020-07-27 20,3
2020-07-28 09,1
2020-07-28 11,1
2020-07-28 13,1
2020-07-28 17,1
2020-07-28 20,1
2020-07-28 21,1
2020-07-29 05,1
2020-07-29 09,1
2020-07-29 09,1
2020-07-29 11,1
2020-07-29 12,1
2020-07-29 15,1
2020-07-30 00,1
2020-07-30 02,1
2020-07-30 04,1
2020-07-30 07,1
2020-07-30 09,1
2020-07-30 12,1
2020-07-30 20,1
2020-07-30 20,1
2020-07-31 05,1
2020-07-31 12,1
2020-07-31 18,1
2020-07-31 22,1
2020-08-01 07,1
2020-08-01 09,1
2020-08-01 11,1
2020-08-01 13,1
2020-08-01 16,1
2020-08-01 17,1
2020-08-01 17,1
2020-08-01 20,1
2020-08-01 20,1
2020-08-01 21,1
2020-08-01 23,1
2020-08-02 03,1
2020-08-02 04,1
2020-08-02 05,1
2020-08-02 09,2
2020-08-02 11,1
2020-08-02 12,1
2020-08-03 04,1
2020-08-03 04,1
2020-08-03 05,1
2020-08-03 05,1
2020-08-03 13,1
2020-08-03 14,1
2020-08-03 14,1
2020-08-03 17,1
2020-08-03 18,1
2020-08-03 20,1
2020-08-03 20,1
2020-08-03 21,1
2020-08-04 04,1
2020-08-04 08,1
2020-08-04 10,1
2020-08-04 12,1
2020-08-05 07,1
2020-08-05 09,1
2020-08-05 11,1
2020-08-05 12,1
2020-08-05 14,1
2020-08-05 18,1
2020-08-05 21,1
2020-08-06 00,1
2020-08-06 06,1
2020-08-06 08,1
2020-08-06 10,1
2020-08-06 15,1
2020-08-06 16,1
2020-08-06 19,1
2020-08-06 19,1
2020-08-06 20,1
2020-08-06 21,1
2020-08-07 03,1
2020-08-07 05,1
2020-08-07 08,1
2020-08-07 08,1
2020-08-07 09,1
2020-08-07 10,2
2020-08-07 12,1
2020-08-07 12,1
2020-08-07 13,1
2020-08-07 18,1
2020-08-07 19,1
2020-08-07 23,1
2020-08-08 00,1
2020-08-08 03,1
2020-08-08 06,1
2020-08-08 07,1
2020-08-08 11,1
2020-08-08 13,1
2020-08-08 14,2
2020-08-08 21,1
2020-08-09 03,1
2020-08-09 04,1
2020-08-09 05,1
2020-08-09 16,1
2020-08-09 17,1
2020-08-09 18,1
2020-08-09 19,1
2020-08-09 20,1
2020-08-10 05,1
2020-08-10 06,1
2020-08-10 11,1
2020-08-10 12,1
2020-08-10 13,1
2020-08-10 13,1
2020-08-10 13,1
2020-08-10 13,1
2020-08-10 14,1
2020-08-10 16,1
2020-08-10 16,1
2020-08-10 21,1
2020-08-10 22,1
2020-08-10 22,1
2020-08-11 00,2
2020-08-11 00,1
2020-08-11 01,1
2020-08-11 02,1
2020-08-11 09,1
2020-08-11 11,1
2020-08-11 20,1
2020-08-12 00,1
2020-08-12 05,1
2020-08-12 06,1
2020-08-12 08,1
2020-08-12 13,1
2020-08-12 14,1
2020-08-12 15,1
2020-08-12 15,1
2020-08-12 17,1
2020-08-12 20,1
2020-08-12 20,1
2020-08-12 21,1
2020-08-13 01,1
2020-08-13 07,1
2020-08-13 10,1
2020-08-13 14,1
2020-08-13 14,1
2020-08-13 15,1
2020-08-13 16,1
2020-08-13 22,1
2020-08-13 23,1
2020-08-14 00,1
2020-08-14 07,1
2020-08-14 08,1
2020-08-14 09,1
2020-08-14 11,1
2020-08-14 11,1
2020-08-14 16,1
2020-08-14 19,1
2020-08-14 20,1
2020-08-15 03,1
2020-08-15 05,2
2020-08-15 06,1
2020-08-15 12,1
2020-08-15 14,1
2020-08-15 16,1
2020-08-15 21,1
2020-08-16 01,1
2020-08-16 02,1
2020-08-16 03,1
2020-08-16 04,1
2020-08-16 05,1
2020-08-16 07,1
2020-08-16 18,1
2020-08-16 21,1
2020-08-16 23,1
2020-08-16 23,1
2020-08-17 07,1
2020-08-17 10,1
2020-08-17 11,1
2020-08-17 13,1
2020-08-17 14,1
2020-08-17 16,1
2020-08-17 18,1
2020-08-17 19,1
2020-08-17 19,1
2020-08-18 01,1
2020-08-18 05,1
2020-08-18 07,1
2020-08-18 07,1
2020-08-18 08,1
2020-08-18 09,1
2020-08-18 12,1
2020-08-18 13,1
2020-08-18 16,1
2020-08-18 21,1
2020-08-18 22,1
2020-08-18 23,2
2020-08-19 04,1
2020-08-19 05,1
2020-08-19 08,1
2020-08-19 10,1
2020-08-19 12,1
2020-08-19 15,1
2020-08-19 16,1
2020-08-19 18,1
2020-08-19 19,1
2020-08-19 21,1
2020-08-19 22,1
2020-08-20 05,1
2020-08-20 07,1
2020-08-20 09,1
2020-08-20 09,1
2020-08-20 10,1
2020-08-20 11,1
2020-08-20 13,1
2020-08-20 14,1
2020-08-20 19,1
2020-08-21 06,1
2020-08-21 09,1
2020-08-21 15,1
2020-08-21 17,1
2020-08-21 17,1
2020-08-21 19,1
2020-08-21 19,1
2020-08-21 21,1
2020-08-22 00,1
2020-08-22 10,1
2020-08-22 14,1
2020-08-22 19,1
2020-08-23 02,1
2020-08-23 09,1
2020-08-23 09,1
2020-08-23 10,1
2020-08-23 16,1
2020-08-23 16,1
2020-08-23 17,1
2020-08-23 17,1
2020-08-23 17,1
2020-08-23 19,1
2020-08-23 23,1
2020-08-24 05,1
2020-08-24 06,1
2020-08-24 09,1
2020-08-24 09,1
2020-08-24 09,1
2020-08-24 13,1
2020-08-24 14,1
2020-08-24 16,1
2020-08-24 16,1
2020-08-24 18,1
2020-08-24 19,2
2020-08-24 20,1
2020-08-25 03,1
2020-08-25 03,1
2020-08-25 06,1
2020-08-25 09,1
2020-08-25 12,1
2020-08-25 13,1
2020-08-25 15,1
2020-08-25 17,1
2020-08-25 19,1
2020-08-25 19,1
2020-08-26 05,1
2020-08-26 06,1
2020-08-26 10,1
2020-08-26 11,1
2020-08-26 16,1
2020-08-26 19,1
2020-08-26 22,1
2020-08-27 08,1
2020-08-27 09,1
2020-08-27 11,1
2020-08-27 14,1
2020-08-27 15,1
2020-08-27 19,1
2020-08-27 21,1
2020-08-27 21,1
2020-08-28 05,1
2020-08-28 05,1
2020-08-28 07,1
2020-08-28 13,1
2020-08-28 15,1
2020-08-28 17,1
2020-08-28 18,1
2020-08-28 19,1
2020-08-29 02,1
2020-08-29 04,1
2020-08-29 05,1
2020-08-29 05,1
2020-08-29 05,1
2020-08-29 10,1
2020-08-29 14,1
2020-08-29 17,1
2020-08-29 20,1
2020-08-29 22,1
2020-08-29 23,1
2020-08-30 00,1
2020-08-30 06,1
2020-08-30 06,1
2020-08-30 09,1
2020-08-30 14,1
2020-08-30 16,2
2020-08-30 19,1
2020-08-30 21,4
2020-08-30 22,1
2020-08-30 23,1
2020-08-30 23,1
2020-08-31 04,1
2020-08-31 07,1
2020-08-31 09,1
2020-08-31 10,1
2020-08-31 11,1
2020-08-31 16,1
2020-08-31 18,1
2020-09-01 00,1
2020-09-01 06,1
2020-09-01 08,1
2020-09-01 09,1
2020-09-01 10,1
2020-09-01 11,1
2020-09-01 11,1
2020-09-01 13,1
2020-09-01 14,1
2020-09-01 14,1
2020-09-01 16,1
2020-09-01 17,1
2020-09-01 18,1
2020-09-01 18,1
2020-09-01 19,1
2020-09-01 19,1
2020-09-01 22,1
2020-09-01 23,1
2020-09-01 23,1
2020-09-02 00,1
2020-09-02 06,1
2020-09-02 08,1
2020-09-02 13,1
2020-09-02 20,1
2020-09-02 21,1
2020-09-03 02,1
2020-09-03 03,1
2020-09-03 05,1
2020-09-03 14,1
2020-09-03 17,1
2020-09-03 20,1
2020-09-04 05,1
2020-09-04 05,1
2020-09-04 11,1
2020-09-04 11,1
2020-09-04 12,1
2020-09-04 14,1
2020-09-04 15,1
2020-09-04 16,1
2020-09-04 16,1
2020-09-04 17,1
2020-09-04 18,1
2020-09-04 22,1
2020-09-05 00,1
2020-09-05 05,1
2020-09-05 10,1
2020-09-05 11,1
2020-09-05 15,1
2020-09-05 21,1
2020-09-06 00,1
2020-09-06 02,1
2020-09-06 06,1
2020-09-06 08,1
2020-09-06 10,1
2020-09-06 15,1
2020-09-06 16,1
2020-09-06 19,1
2020-09-07 01,1
2020-09-07 05,1
2020-09-07 05,1
2020-09-07 09,1
2020-09-07 12,1
2020-09-07 15,1
2020-09-07 20,1
2020-09-07 21,1
2020-09-07 23,1
2020-09-08 00,1
2020-09-08 13,1
2020-09-08 15,1
2020-09-08 16,1
2020-09-08 16,1
2020-09-08 16,1
2020-09-08 21,1
2020-09-09 00,1
2020-09-09 06,1
2020-09-09 12,1
2020-09-09 15,1
2020-09-09 17,1
2020-09-09 19,1
2020-09-09 21,1
2020-09-09 21,1
2020-09-10 09,1
2020-09-10 15,1
2020-09-10 15,1
2020-09-10 20,1
2020-09-10 20,1
2020-09-11 00,2
2020-09-11 01,1
2020-09-11 05,1
2020-09-11 05,1
2020-09-11 11,1
2020-09-11 14,1
2020-09-11 16,1
2020-09-11 18,1
2020-09-11 19,1
2020-09-11 19,1
2020-09-11 22,2
2020-09-12 04,1
2020-09-12 10,1
2020-09-12 10,1
2020-09-12 12,1
2020-09-12 18,1
2020-09-12 19,1
2020-09-12 23,1
2020-09-12 23,1
2020-09-13 03,1
2020-09-13 06,1
2020-09-13 11,1
2020-09-13 14,1
2020-09-13 14,1
2020-09-13 18,1
2020-09-13 19,1
2020-09-13 19,1
2020-09-13 22,1
2020-09-13 23,3
2020-09-14 01,1
2020-09-14 06,1
2020-09-14 07,1
2020-09-14 08,1
2020-09-14 14,1
2020-09-14 17,1
2020-09-14 18,1
2020-09-14 19,1
2020-09-14 20,1
2020-09-14 22,1
2020-09-15 15,1
2020-09-15 19,1
2020-09-15 20,1
2020-09-15 20,1
2020-09-15 20,1
2020-09-16 14,1
2020-09-16 15,1
2020-09-16 19,1
2020-09-16 19,2
2020-09-16 21,1
2020-09-17 01,1
2020-09-17 03,1
2020-09-17 09,1
2020-09-17 10,1
2020-09-17 14,1
2020-09-17 22,1
2020-09-17 23,1
2020-09-17 23,1
2020-09-18 03,1
2020-09-18 04,1
2020-09-18 07,1
2020-09-18 08,1
2020-09-18 09,1
2020-09-18 10,1
2020-09-18 14,1
2020-09-18 15,1
2020-09-18 16,1
2020-09-18 16,1
2020-09-18 17,1
2020-09-18 17,1
2020-09-18 19,1
2020-09-18 22,1
2020-09-19 02,1
2020-09-19 06,1
2020-09-19 06,1
2020-09-19 08,1
2020-09-19 11,1
2020-09-19 13,1
2020-09-19 18,1
2020-09-19 23,2
2020-09-20 05,1
2020-09-20 06,1
2020-09-20 08,1
2020-09-20 11,1
2020-09-20 11,1
2020-09-20 14,1
2020-09-20 14,1
2020-09-20 16,1
2020-09-20 18,1
2020-09-20 19,2
2020-09-20 19,1
2020-09-20 19,1
2020-09-20 21,1
2020-09-21 02,2
2020-09-21 05,1
2020-09-21 07,1
2020-09-21 08,1
2020-09-21 09,1
2020-09-21 15,1
2020-09-22 05,1
2020-09-22 06,1
2020-09-22 06,1
2020-09-22 14,1
2020-09-22 15,1
2020-09-22 16,1
2020-09-22 16,1
2020-09-22 16,1
2020-09-22 17,1
2020-09-23 02,1
2020-09-23 03,1
2020-09-23 07,1
2020-09-23 09,1
2020-09-23 10,1
2020-09-23 10,1
2020-09-23 13,1
2020-09-23 14,1
2020-09-23 14,1
2020-09-23 14,1
2020-09-23 15,1
2020-09-23 17,1
2020-09-23 18,1
2020-09-23 22,1
2020-09-24 00,1
2020-09-24 04,1
2020-09-24 04,1
2020-09-24 07,1
2020-09-24 10,1
2020-09-24 10,1
2020-09-24 10,1
2020-09-24 11,1
2020-09-24 12,1
2020-09-24 15,1
2020-09-24 17,1
2020-09-24 18,1
2020-09-24 19,1
2020-09-24 21,1
2020-09-24 23,1
2020-09-25 05,1
2020-09-25 09,1
2020-09-25 09,1
2020-09-25 11,1
2020-09-25 12,1
2020-09-25 13,1
2020-09-25 13,1
2020-09-25 13,1
2020-09-25 14,2
2020-09-25 17,1
2020-09-25 18,1
2020-09-25 18,1
2020-09-25 22,1
2020-09-26 04,1
2020-09-26 05,1
2020-09-26 06,1
2020-09-26 07,1
2020-09-26 07,1
2020-09-26 08,1
2020-09-26 10,1
2020-09-26 11,1
2020-09-26 15,1
2020-09-26 15,1
2020-09-26 18,1
2020-09-26 18,1
2020-09-27 00,1
2020-09-27 03,1
2020-09-27 04,1
2020-09-27 06,1
2020-09-27 10,1
2020-09-27 10,1
2020-09-27 10,1
2020-09-27 12,1
2020-09-27 12,1
2020-09-27 13,1
2020-09-27 18,1
2020-09-27 19,1
2020-09-27 23,1
2020-09-28 00,1
2020-09-28 04,1
2020-09-28 05,1
2020-09-28 07,1
2020-09-28 08,1
2020-09-28 11,1
2020-09-28 11,1
2020-09-28 13,1
2020-09-28 13,1
2020-09-28 14,1
2020-09-28 16,1
2020-09-28 19,1
2020-09-28 21,1
2020-09-28 22,1
2020-09-29 03,1
2020-09-29 09,1
2020-09-29 12,1
2020-09-29 13,1
2020-09-29 13,1
2020-09-29 18,1
2020-09-29 18,1
2020-09-29 23,1
2020-09-30 02,1
2020-09-30 05,1
2020-09-30 05,1
2020-09-30 08,1
2020-09-30 09,1
2020-09-30 13,1
2020-09-30 13,1
2020-09-30 15,1
2020-09-30 15,1
2020-09-30 16,1
2020-10-01 09,1
2020-10-01 14,1
2020-10-01 16,1
2020-10-01 19,1
2020-10-01 23,1
2020-10-02 00,1
2020-10-02 19,1
2020-10-02 21,1
2020-10-02 21,1
2020-10-03 05,1
2020-10-03 12,1
2020-10-03 12,1
2020-10-03 16,1
2020-10-03 18,1
2020-10-03 18,1
2020-10-03 18,1
2020-10-04 07,1
2020-10-04 12,1
2020-10-04 12,1
2020-10-04 18,1
2020-10-05 03,2
2020-10-05 06,1
2020-10-05 06,1
2020-10-05 09,1
2020-10-05 10,1
2020-10-05 13,1
2020-10-05 14,1
2020-10-05 17,1
2020-10-05 23,1
2020-10-06 01,1
2020-10-06 10,1
2020-10-06 11,1
2020-10-06 12,1
2020-10-06 14,1
2020-10-06 18,1
2020-10-06 18,1
2020-10-06 22,1
2020-10-07 02,1
2020-10-07 05,1
2020-10-07 06,1
2020-10-07 08,1
2020-10-07 08,1
2020-10-07 13,1
2020-10-07 14,1
2020-10-07 14,1
2020-10-07 15,1
2020-10-07 15,1
2020-10-07 15,1
2020-10-08 02,1
2020-10-08 05,1
2020-10-08 12,1
2020-10-08 14,1
2020-10-08 16,1
2020-10-08 17,1
2020-10-08 18,1
2020-10-08 23,1
2020-10-09 00,1
2020-10-09 04,1
2020-10-09 06,2
2020-10-09 11,1
2020-10-09 15,1
2020-10-10 00,1
2020-10-10 00,1
2020-10-10 02,2
2020-10-10 04,1
2020-10-10 05,1
2020-10-10 05,1
2020-10-10 07,1
2020-10-10 08,1
2020-10-10 15,1
2020-10-10 16,1
2020-10-10 18,1
2020-10-10 20,1
2020-10-10 22,1
2020-10-11 05,1
2020-10-11 05,1
2020-10-11 05,1
2020-10-11 05,1
2020-10-11 10,1
2020-10-11 15,1
2020-10-11 16,1
2020-10-11 17,1
2020-10-11 19,1
2020-10-12 05,1
2020-10-12 06,1
2020-10-12 10,1
2020-10-12 14,1
2020-10-12 14,1
2020-10-12 16,1
2020-10-12 19,1
2020-10-12 19,1
2020-10-12 21,1
2020-10-13 02,1
2020-10-13 06,1
2020-10-13 10,1
2020-10-13 10,1
2020-10-13 10,1
2020-10-13 19,1
2020-10-13 19,1
2020-10-13 20,1
2020-10-13 21,1
2020-10-13 21,1
2020-10-13 23,1
2020-10-14 11,1
2020-10-14 12,1
2020-10-14 12,1
2020-10-14 13,1
2020-10-14 16,1
2020-10-14 19,1
2020-10-14 22,1
2020-10-14 23,1
2020-10-14 23,1
2020-10-15 00,1
2020-10-15 10,1
2020-10-15 12,1
2020-10-15 13,1
2020-10-15 16,1
2020-10-15 17,1
2020-10-16 00,1
2020-10-16 01,1
2020-10-16 05,1
2020-10-16 05,1
2020-10-16 06,1
2020-10-16 08,1
2020-10-16 08,1
2020-10-16 12,1
2020-10-16 13,1
2020-10-16 20,1
2020-10-17 05,1
2020-10-17 10,1
2020-10-17 11,1
2020-10-17 12,1
2020-10-17 15,1
2020-10-17 15,1
2020-10-17 18,1
2020-10-18 02,1
2020-10-18 05,1
2020-10-18 17,1
2020-10-18 18,1
2020-10-18 19,1
2020-10-18 20,1
2020-10-18 20,1
2020-10-18 21,1
2020-10-19 07,1
2020-10-19 07,1
2020-10-19 09,1
2020-10-19 10,1
2020-10-19 10,1
2020-10-19 13,1
2020-10-19 13,1
2020-10-19 15,1
2020-10-19 15,1
2020-10-19 15,1
2020-10-19 18,1
2020-10-19 20,1
2020-10-19 22,1
2020-10-20 02,1
2020-10-20 03,1
2020-10-20 05,1
2020-10-20 06,1
2020-10-20 07,1
2020-10-20 09,1
2020-10-20 10,1
2020-10-20 11,1
2020-10-20 13,1
2020-10-20 13,1
2020-10-20 17,1
2020-10-20 18,1
2020-10-20 19,1
2020-10-20 20,1
2020-10-20 23,1
2020-10-21 05,1
2020-10-21 06,1
2020-10-21 06,1
2020-10-21 08,2
2020-10-21 08,1
2020-10-21 18,1
2020-10-21 18,1
2020-10-21 20,1
2020-10-21 23,1
2020-10-21 23,1
2020-10-22 02,1
2020-10-22 14,1
2020-10-22 16,1
2020-10-22 18,2
2020-10-22 18,1
2020-10-22 20,1
2020-10-23 01,1
2020-10-23 01,1
2020-10-23 09,1
2020-10-23 11,1
2020-10-23 11,1
2020-10-23 12,1
2020-10-23 14,1
2020-10-23 15,1
2020-10-23 15,1
2020-10-23 18,1
2020-10-23 18,2
2020-10-23 20,1
2020-10-23 21,1
2020-10-23 21,1
2020-10-23 22,1
2020-10-23 22,1
2020-10-24 05,1
2020-10-24 07,1
2020-10-24 07,1
2020-10-24 08,1
2020-10-24 09,1
2020-10-24 12,1
2020-10-24 16,1
2020-10-24 19,1
2020-10-24 21,1
2020-10-24 21,1
2020-10-25 00,1
2020-10-25 01,1
2020-10-25 01,1
2020-10-25 03,1
2020-10-25 06,1
2020-10-25 08,1
2020-10-25 08,1
2020-10-25 15,1
2020-10-25 16,1
2020-10-25 17,1
2020-10-25 18,1
2020-10-25 21,1
2020-10-25 21,1
2020-10-25 23,1
2020-10-26 05,1
2020-10-26 05,1
2020-10-26 06,1
2020-10-26 09,1
2020-10-26 10,1
2020-10-26 10,2
2020-10-26 11,1
2020-10-26 11,1
2020-10-26 11,1
2020-10-26 14,1
2020-10-26 16,1
2020-10-26 18,1
2020-10-27 04,1
2020-10-27 06,1
2020-10-27 09,1
2020-10-27 09,1
2020-10-27 10,1
2020-10-27 11,1
2020-10-27 11,1
2020-10-27 16,1
2020-10-27 18,1
2020-10-27 23,1
2020-10-28 00,1
2020-10-28 01,1
2020-10-28 02,1
2020-10-28 05,1
2020-10-28 09,1
2020-10-28 09,1
2020-10-28 09,1
2020-10-28 10,1
2020-10-28 11,1
2020-10-28 13,1
2020-10-28 15,1
2020-10-28 16,1
2020-10-28 18,1
2020-10-28 19,1
2020-10-28 21,1
2020-10-28 21,1
2020-10-29 09,1
2020-10-29 10,1
2020-10-29 11,1
2020-10-29 13,1
2020-10-29 18,1
2020-10-29 20,1
2020-10-30 00,1
2020-10-30 05,1
2020-10-30 07,1
2020-10-30 08,1
2020-10-30 09,1
2020-10-30 12,1
2020-10-30 12,1
2020-10-30 15,1
2020-10-30 15,1
2020-10-30 18,1
2020-10-30 19,1
2020-10-30 20,1
2020-10-30 22,1
2020-10-31 02,1
2020-10-31 03,1
2020-10-31 07,1
2020-10-31 07,1
2020-10-31 09,1
2020-10-31 14,1
2020-10-31 15,1
2020-10-31 15,1
2020-10-31 17,1
2020-10-31 18,1
2020-10-31 18,1
2020-10-31 18,1
2020-10-31 18,1
2020-10-31 19,1
2020-10-31 20,1
2020-10-31 20,1
2020-10-31 21,1
2020-10-31 22,1
2020-11-01 05,1
2020-11-01 06,1
2020-11-01 08,1
2020-11-01 11,1
2020-11-01 13,1
2020-11-01 16,1
2020-11-01 17,1
2020-11-01 20,1
2020-11-01 22,1
2020-11-02 04,1
2020-11-02 06,1
2020-11-02 07,1
2020-11-02 09,1
2020-11-02 12,1
2020-11-02 15,1
2020-11-02 17,1
2020-11-02 18,1
2020-11-02 18,1
2020-11-02 18,1
2020-11-02 19,1
2020-11-02 19,1
2020-11-02 21,1
2020-11-03 02,1
2020-11-03 06,1
2020-11-03 07,1
2020-11-03 09,1
2020-11-03 09,1
2020-11-03 11,1
2020-11-03 13,1
2020-11-03 14,1
2020-11-03 18,1
2020-11-03 19,1
2020-11-03 20,1
2020-11-04 03,1
2020-11-04 04,1
2020-11-04 06,1
2020-11-04 07,1
2020-11-04 07,1
2020-11-04 08,1
2020-11-04 10,1
2020-11-04 11,1
2020-11-04 15,1
2020-11-04 15,1
2020-11-04 19,1
2020-11-05 01,1
2020-11-05 02,1
2020-11-05 03,1
2020-11-05 06,1
2020-11-05 06,1
2020-11-05 09,1
2020-11-05 11,1
2020-11-05 17,1
2020-11-05 19,1
2020-11-06 01,1
2020-11-06 03,1
2020-11-06 05,1
2020-11-06 05,1
2020-11-06 15,1
2020-11-06 15,1
2020-11-06 15,1
2020-11-06 20,1
2020-11-06 23,1
2020-11-07 13,1
2020-11-07 14,1
2020-11-07 14,1
2020-11-07 14,1
2020-11-07 15,1
2020-11-07 17,1
2020-11-07 20,1
2020-11-07 22,1
2020-11-08 05,1
2020-11-08 07,1
2020-11-08 14,1
2020-11-08 14,1
2020-11-08 19,1
2020-11-08 21,1
2020-11-08 23,1
2020-11-09 00,1
2020-11-09 00,1
2020-11-09 01,1
2020-11-09 01,1
2020-11-09 04,1
2020-11-09 08,1
2020-11-09 12,1
2020-11-09 12,1
2020-11-09 17,1
2020-11-09 17,1
2020-11-10 01,1
2020-11-10 06,1
2020-11-10 07,1
2020-11-10 07,1
2020-11-10 08,1
2020-11-10 09,1
2020-11-10 14,1
2020-11-10 14,1
2020-11-10 17,1
2020-11-10 19,1
2020-11-10 19,1
2020-11-11 00,1
2020-11-11 05,1
2020-11-11 08,1
2020-11-11 11,1
2020-11-11 11,1
2020-11-11 12,1
2020-11-11 14,1
2020-11-11 17,1
2020-11-11 19,1
2020-11-11 19,1
2020-11-11 20,1
2020-11-11 22,1
2020-11-12 00,1
2020-11-12 05,1
2020-11-12 08,1
2020-11-12 10,1
2020-11-12 11,1
2020-11-12 12,1
2020-11-12 14,1
2020-11-12 15,1
2020-11-12 17,1
2020-11-12 18,1
2020-11-12 18,1
2020-11-12 21,1
2020-11-12 23,1
2020-11-13 06,1
2020-11-13 09,1
2020-11-13 10,1
2020-11-13 16,1
2020-11-13 18,1
2020-11-13 21,1
2020-11-14 04,1
2020-11-14 06,1
2020-11-14 10,1
2020-11-14 12,1
2020-11-14 15,1
2020-11-14 16,1
2020-11-14 16,1
2020-11-14 18,1
2020-11-14 20,1
2020-11-14 22,1
2020-11-14 23,1
2020-11-15 00,1
2020-11-15 17,1
2020-11-15 18,1
2020-11-15 23,1
2020-11-16 06,1
2020-11-16 10,1
2020-11-16 10,1
2020-11-16 11,1
2020-11-16 13,1
2020-11-16 13,1
2020-11-16 16,1
2020-11-16 17,1
2020-11-16 17,1
2020-11-16 18,1
2020-11-16 19,1
2020-11-16 21,1
2020-11-16 21,1
2020-11-16 21,1
2020-11-17 01,1
2020-11-17 05,2
2020-11-17 06,1
2020-11-17 06,1
2020-11-17 08,1
2020-11-17 13,1
2020-11-17 15,1
2020-11-17 16,1
2020-11-17 17,1
2020-11-17 17,1
2020-11-17 19,2
2020-11-18 06,1
2020-11-18 17,1
2020-11-18 18,1
2020-11-18 21,1
2020-11-19 00,1
2020-11-19 04,1
2020-11-19 06,1
2020-11-19 06,1
2020-11-19 07,1
2020-11-19 12,1
2020-11-19 14,1
2020-11-19 14,1
2020-11-19 15,1
2020-11-19 16,1
2020-11-19 18,1
2020-11-19 18,1
2020-11-19 18,1
2020-11-19 20,1
2020-11-19 21,1
2020-11-19 22,1
2020-11-20 01,1
2020-11-20 02,1
2020-11-20 08,1
2020-11-20 15,1
2020-11-21 05,1
2020-11-21 12,1
2020-11-21 14,1
2020-11-21 16,2
2020-11-21 17,1
2020-11-21 22,1
2020-11-22 02,1
2020-11-22 02,2
2020-11-22 08,1
2020-11-22 09,1
2020-11-22 13,1
2020-11-22 14,1
2020-11-22 18,1
2020-11-22 23,1
2020-11-23 09,1
2020-11-23 10,1
2020-11-23 12,1
2020-11-23 18,1
2020-11-23 21,1
2020-11-24 07,2
2020-11-24 18,1
2020-11-24 19,1
2020-11-25 05,1
2020-11-25 06,1
2020-11-25 07,1
2020-11-25 08,1
2020-11-25 14,1
2020-11-25 15,1
2020-11-26 00,1
2020-11-26 05,2
2020-11-26 07,1
2020-11-26 09,1
2020-11-26 12,1
2020-11-26 13,1
2020-11-26 14,1
2020-11-26 17,1
2020-11-26 17,1
2020-11-26 19,1
2020-11-26 20,1
2020-11-26 23,1
2020-11-27 02,1
2020-11-27 13,1
2020-11-27 13,1
2020-11-27 17,1
2020-11-27 18,1
2020-11-27 21,1
2020-11-28 06,1
2020-11-28 06,1
2020-11-28 14,1
2020-11-29 00,1
2020-11-29 01,1
2020-11-29 02,1
2020-11-29 18,1
2020-11-29 18,1
2020-11-29 20,1
2020-11-29 21,1
2020-11-30 11,1
2020-11-30 11,1
2020-11-30 14,1
2020-11-30 18,1
2020-11-30 21,1
2020-11-30 22,1
2020-12-01 01,1
2020-12-01 05,1
2020-12-01 06,1
2020-12-01 08,1
2020-12-01 09,1
2020-12-01 12,1
2020-12-01 12,1
2020-12-01 16,1
2020-12-01 16,1
2020-12-01 16,1
2020-12-01 16,1
2020-12-01 17,1
2020-12-01 20,1
2020-12-02 11,1
2020-12-02 13,1
2020-12-02 14,1
2020-12-02 15,1
2020-12-02 17,1
2020-12-02 20,1
2020-12-02 20,1
2020-12-03 00,1
2020-12-03 12,1
2020-12-03 12,1
2020-12-03 14,1
2020-12-03 18,1
2020-12-03 20,1
2020-12-04 00,1
2020-12-04 03,1
2020-12-04 04,1
2020-12-04 06,1
2020-12-04 07,1
2020-12-04 07,1
2020-12-04 11,1
2020-12-04 14,1
2020-12-04 18,1
2020-12-05 04,1
2020-12-05 05,1
2020-12-05 07,1
2020-12-05 08,1
2020-12-05 14,1
2020-12-05 14,1
2020-12-05 15,1
2020-12-05 18,1
2020-12-05 21,1
2020-12-06 00,1
2020-12-06 11,1
2020-12-07 00,1
2020-12-07 10,1
2020-12-07 15,1
2020-12-07 19,1
2020-12-07 21,1
2020-12-07 23,1
2020-12-08 07,1
2020-12-08 12,1
2020-12-08 13,1
2020-12-08 21,1
2020-12-08 23,1
2020-12-09 04,1
2020-12-09 05,1
2020-12-09 05,1
2020-12-09 05,1
2020-12-09 06,1
2020-12-09 06,1
2020-12-09 07,1
2020-12-09 08,1
2020-12-09 10,1
2020-12-09 13,1
2020-12-09 13,1
2020-12-09 15,1
2020-12-09 15,1
2020-12-09 17,1
2020-12-09 17,1
2020-12-09 18,1
2020-12-10 12,1
2020-12-10 13,1
2020-12-10 13,1
2020-12-10 17,1
2020-12-10 18,1
2020-12-10 22,1
2020-12-10 23,1
2020-12-11 08,1
2020-12-11 14,1
2020-12-11 16,1
2020-12-12 05,1
2020-12-12 10,1
2020-12-12 10,1
2020-12-12 18,1
2020-12-12 18,1
2020-12-13 01,1
2020-12-13 20,1
2020-12-14 07,1
2020-12-14 07,1
2020-12-14 12,1
2020-12-14 15,1
2020-12-14 16,1
2020-12-14 18,1
2020-12-14 18,1
2020-12-14 21,1
2020-12-15 00,1
2020-12-15 10,1
2020-12-15 13,1
2020-12-15 20,1
2020-12-16 07,1
2020-12-16 16,1
2020-12-16 16,1
2020-12-16 17,2
2020-12-16 21,1
2020-12-17 04,1
2020-12-17 05,1
2020-12-17 08,1
2020-12-17 21,1
2020-12-17 22,1
2020-12-18 00,1
2020-12-18 04,1
2020-12-18 10,1
2020-12-18 11,1
2020-12-18 12,1
2020-12-18 15,1
2020-12-18 15,1
2020-12-18 17,1
2020-12-18 17,1
2020-12-18 18,1
2020-12-18 18,1
2020-12-18 20,1
2020-12-19 01,1
2020-12-19 06,1
2020-12-19 06,1
2020-12-19 07,1
2020-12-19 07,1
2020-12-19 09,2
2020-12-19 12,1
2020-12-19 14,1
2020-12-19 14,1
2020-12-19 18,1
2020-12-19 19,1
2020-12-19 20,1
2020-12-19 20,1
2020-12-19 21,1
2020-12-20 03,1
2020-12-20 13,1
2020-12-20 21,1
2020-12-21 05,1
2020-12-21 07,1
2020-12-21 09,1
2020-12-21 10,1
2020-12-21 12,1
2020-12-21 14,1
2020-12-21 18,1
2020-12-21 19,1
2020-12-21 22,1
2020-12-22 06,1
2020-12-22 11,1
2020-12-22 11,1
2020-12-22 14,1
2020-12-22 17,1
2020-12-22 17,1
2020-12-22 20,1
2020-12-22 20,1
2020-12-23 05,1
2020-12-23 06,1
2020-12-23 07,1
2020-12-23 12,1
2020-12-23 12,1
2020-12-23 18,1
2020-12-23 23,1
2020-12-24 13,1
2020-12-24 14,1
2020-12-24 15,1
2020-12-25 01,1
2020-12-25 04,1
2020-12-25 04,1
2020-12-25 09,1
2020-12-25 09,1
2020-12-25 16,1
2020-12-25 20,1
2020-12-25 22,1
2020-12-26 13,2
2020-12-26 16,1
2020-12-26 19,1
2020-12-26 19,1
2020-12-27 00,1
2020-12-27 07,1
2020-12-27 07,1
2020-12-27 09,1
2020-12-27 17,1
2020-12-27 17,1
2020-12-27 22,1
2020-12-28 03,1
2020-12-28 04,2
2020-12-28 07,1
2020-12-28 07,1
2020-12-28 14,1
2020-12-28 15,1
2020-12-28 16,1
2020-12-28 17,1
2020-12-28 19,1
2020-12-29 13,1
2020-12-29 15,1
2020-12-29 16,1
2020-12-29 17,1
2020-12-29 18,1
2020-12-30 06,1
2020-12-30 08,1
2020-12-30 15,1
2020-12-30 17,1
2020-12-31 06,1
2020-12-31 07,1
2020-12-31 11,1
2020-12-31 18,1
2020-12-31 19,1
2020-12-31 21,1
2020-12-31 21,1
